"biol_sign","is_clin_sign","previous_hgnc"
"AAK1",FALSE,"NA"
"AATK",FALSE,"NA"
"ABCA1",FALSE,"NA"
"ABCA12",FALSE,"NA"
"ABCA13",FALSE,"NA"
"ABCA3",FALSE,"NA"
"ABCA4",FALSE,"NA"
"ABI1",FALSE,"NA"
"ABL1",TRUE,"NA"
"ABL2",FALSE,"NA"
"ACSL3",FALSE,"NA"
"ACSL6",FALSE,"NA"
"ACVR1",TRUE,"NA"
"ACVR1B",FALSE,"NA"
"ACVR1C",FALSE,"NA"
"ACVR2A",FALSE,"NA"
"ACVR2B",FALSE,"NA"
"ACVRL1",FALSE,"NA"
"ADAM12",FALSE,"NA"
"ADAM29",FALSE,"NA"
"ADAMTS18",FALSE,"NA"
"ADAMTS19",FALSE,"NA"
"ADAMTS20",FALSE,"NA"
"ADAMTSL3",FALSE,"NA"
"ADCK1",FALSE,"NA"
"ADCK2",FALSE,"NA"
"ADCK3",FALSE,"NA"
"ADCK4",FALSE,"NA"
"ADCK5",FALSE,"NA"
"ADCY2",FALSE,"NA"
"ADNP2",FALSE,"NA"
"ADRBK1",FALSE,"NA"
"ADRBK2",FALSE,"NA"
"AFF1",FALSE,"NA"
"AFF3",FALSE,"NA"
"AFF4",FALSE,"NA"
"AHNAK",FALSE,"NA"
"AIM1",FALSE,"NA"
"AKAP6",FALSE,"NA"
"AKAP9",FALSE,"NA"
"AKT1",TRUE,"NA"
"AKT2",TRUE,"NA"
"AKT3",FALSE,"NA"
"ALDH2",FALSE,"NA"
"ALK",TRUE,"NA"
"ALPK1",FALSE,"NA"
"ALPK2",FALSE,"NA"
"ALPK3",FALSE,"NA"
"AMHR2",FALSE,"NA"
"ANAPC5",FALSE,"NA"
"ANK1",FALSE,"NA"
"ANK2",FALSE,"NA"
"ANK3",FALSE,"NA"
"ANKHD1",FALSE,"NA"
"ANKK1",FALSE,"NA"
"ANO2",FALSE,"NA"
"APC",TRUE,"NA"
"APOB",FALSE,"NA"
"AR",TRUE,"NA"
"ARAF",FALSE,"NA"
"ARAP3",FALSE,"NA"
"ARFGEF1",FALSE,"NA"
"ARFGEF2",FALSE,"NA"
"ARHGAP11A",FALSE,"NA"
"ARHGAP26",FALSE,"NA"
"ARHGAP29",FALSE,"NA"
"ARHGEF12",FALSE,"NA"
"ARHGEF38",FALSE,"NA"
"ARHGEF4",FALSE,"NA"
"ARHGEF9",FALSE,"NA"
"ARID1A",TRUE,"NA"
"ARID1B",TRUE,"NA"
"ARID2",FALSE,"NA"
"ARNT",FALSE,"NA"
"ASPSCR1",FALSE,"NA"
"ASTN1",FALSE,"NA"
"ASXL1",TRUE,"NA"
"ATF1",FALSE,"NA"
"ATIC",FALSE,"NA"
"ATM",TRUE,"NA"
"ATP11C",FALSE,"NA"
"ATP13A5",FALSE,"NA"
"ATP8B1",FALSE,"NA"
"ATR",FALSE,"NA"
"ATRX",TRUE,"NA"
"AURKA",TRUE,"NA"
"AURKB",FALSE,"NA"
"AURKC",FALSE,"NA"
"AXIN2",TRUE,"NA"
"AXL",FALSE,"NA"
"B2M",FALSE,"NA"
"BAI2",FALSE,"NA"
"BAI3",FALSE,"NA"
"BAP1",TRUE,"NA"
"BCAR1",FALSE,"NA"
"BCKDK",FALSE,"NA"
"BCL10",FALSE,"NA"
"BCL11A",FALSE,"NA"
"BCL11B",FALSE,"NA"
"BCL2",TRUE,"NA"
"BCL3",FALSE,"NA"
"BCL6",FALSE,"NA"
"BCL7A",FALSE,"NA"
"BCL9",FALSE,"NA"
"BCORL1",FALSE,"NA"
"BCR",TRUE,"NA"
"BIRC3",FALSE,"NA"
"BIRC6",FALSE,"NA"
"BLK",FALSE,"NA"
"BLM",TRUE,"NA"
"BMP2K",FALSE,"NA"
"BMPR1A",TRUE,"NA"
"BMPR1B",FALSE,"NA"
"BMPR2",FALSE,"NA"
"BMX",FALSE,"NA"
"BRAF",TRUE,"NA"
"BRCA1",TRUE,"NA"
"BRCA2",TRUE,"NA"
"BRD2",FALSE,"NA"
"BRD3",FALSE,"NA"
"BRD4",FALSE,"NA"
"BRDT",FALSE,"NA"
"BRIP1",TRUE,"NA"
"BRSK1",FALSE,"NA"
"BRSK2",FALSE,"NA"
"BTG1",FALSE,"NA"
"BTK",TRUE,"NA"
"BUB1",FALSE,"NA"
"BUB1B",TRUE,"NA"
"EDRF1",FALSE,"C10orf137"
"NUTM1",FALSE,"C15orf55"
"RMI2",FALSE,"C16orf75"
"STKLD1",FALSE,"C9orf96"
"CACNA1C",FALSE,"NA"
"CACNA1D",FALSE,"NA"
"CACNA1F",FALSE,"NA"
"CACNA2D3",FALSE,"NA"
"CAD",FALSE,"NA"
"CALR",TRUE,"NA"
"CAMK1",FALSE,"NA"
"CAMK1D",FALSE,"NA"
"CAMK1G",FALSE,"NA"
"CAMK2A",FALSE,"NA"
"CAMK2B",FALSE,"NA"
"CAMK2D",FALSE,"NA"
"CAMK2G",FALSE,"NA"
"CAMK4",FALSE,"NA"
"CAMKK1",FALSE,"NA"
"CAMKK2",FALSE,"NA"
"CAMKV",FALSE,"NA"
"CAMTA1",FALSE,"NA"
"CANT1",FALSE,"NA"
"CARD11",FALSE,"NA"
"CARS",FALSE,"NA"
"CASC5",FALSE,"NA"
"CASK",FALSE,"NA"
"CBFA2T3",FALSE,"NA"
"CBFB",FALSE,"NA"
"CBL",TRUE,"NA"
"CBLB",FALSE,"NA"
"CBLC",FALSE,"NA"
"CCAR1",FALSE,"NA"
"CCDC6",FALSE,"NA"
"CCNB1IP1",FALSE,"NA"
"CCNB3",FALSE,"NA"
"CCND1",TRUE,"NA"
"CCND2",FALSE,"NA"
"CCND3",FALSE,"NA"
"CCNE1",TRUE,"NA"
"CCR3",FALSE,"NA"
"CD163",FALSE,"NA"
"CD163L1",FALSE,"NA"
"CD22",FALSE,"NA"
"CD274",FALSE,"NA"
"CD74",FALSE,"NA"
"CD79A",FALSE,"NA"
"CD79B",FALSE,"NA"
"CDC27",FALSE,"NA"
"CDC42BPA",FALSE,"NA"
"CDC42BPB",FALSE,"NA"
"CDC42BPG",FALSE,"NA"
"CDC7",FALSE,"NA"
"CDC73",TRUE,"NA"
"CDH1",TRUE,"NA"
"CDH10",FALSE,"NA"
"CDH11",FALSE,"NA"
"CDH23",FALSE,"NA"
"CDH6",FALSE,"NA"
"CDK1",FALSE,"NA"
"CDK10",FALSE,"NA"
"CDK11A",FALSE,"NA"
"CDK12",FALSE,"NA"
"CDK13",FALSE,"NA"
"CDK14",FALSE,"NA"
"CDK14",FALSE,"NA"
"CDK15",FALSE,"NA"
"CDK16",FALSE,"NA"
"CDK17",FALSE,"NA"
"CDK18",FALSE,"NA"
"CDK19",FALSE,"NA"
"CDK2",FALSE,"NA"
"CDK20",FALSE,"NA"
"CDK3",FALSE,"NA"
"CDK4",TRUE,"NA"
"CDK5",FALSE,"NA"
"CDK6",TRUE,"NA"
"CDK7",FALSE,"NA"
"CDK8",FALSE,"NA"
"CDK9",FALSE,"NA"
"CDKL1",FALSE,"NA"
"CDKL2",FALSE,"NA"
"CDKL3",FALSE,"NA"
"CDKL4",FALSE,"NA"
"CDKL5",FALSE,"NA"
"CDKN1A",FALSE,"NA"
"CDKN1B",TRUE,"NA"
"CDKN2A",TRUE,"NA"
"CDKN2B",TRUE,"NA"
"CDKN2C",TRUE,"NA"
"CDX2",FALSE,"NA"
"CEBPA",TRUE,"NA"
"CELSR1",FALSE,"NA"
"CELSR2",FALSE,"NA"
"CENPE",FALSE,"NA"
"CENPF",FALSE,"NA"
"CFL2",FALSE,"NA"
"CHCHD7",FALSE,"NA"
"CHD5",FALSE,"NA"
"CHD6",FALSE,"NA"
"CHD8",FALSE,"NA"
"CHEK1",FALSE,"NA"
"CHEK2",TRUE,"NA"
"CHGB",FALSE,"NA"
"CHIC2",FALSE,"NA"
"CHL1",FALSE,"NA"
"CHN1",FALSE,"NA"
"CHRNA9",FALSE,"NA"
"CHUK",FALSE,"NA"
"CIC",TRUE,"NA"
"CIITA",FALSE,"NA"
"CIT",FALSE,"NA"
"CLK1",FALSE,"NA"
"CLK2",FALSE,"NA"
"CLK3",FALSE,"NA"
"CLK4",FALSE,"NA"
"CLP1",FALSE,"NA"
"CLSPN",FALSE,"NA"
"CLTC",FALSE,"NA"
"CLTCL1",FALSE,"NA"
"CMYA5",FALSE,"NA"
"CNBP",FALSE,"NA"
"CNGA2",FALSE,"NA"
"CNTN5",FALSE,"NA"
"CNTNAP2",FALSE,"NA"
"CNTNAP5",FALSE,"NA"
"CNTRL",FALSE,"NA"
"COL11A1",FALSE,"NA"
"COL14A1",FALSE,"NA"
"COL1A1",FALSE,"NA"
"COL22A1",FALSE,"NA"
"COL3A1",FALSE,"NA"
"COL4A4",FALSE,"NA"
"COL5A3",FALSE,"NA"
"COL6A3",FALSE,"NA"
"COL6A6",FALSE,"NA"
"COX6C",FALSE,"NA"
"CPAMD8",FALSE,"NA"
"CPS1",FALSE,"NA"
"CREB1",FALSE,"NA"
"CREB3L1",FALSE,"NA"
"CREB3L2",FALSE,"NA"
"CREBBP",TRUE,"NA"
"CRKL",FALSE,"NA"
"CRLF2",FALSE,"NA"
"CRTC1",FALSE,"NA"
"CRTC3",FALSE,"NA"
"CSF1R",TRUE,"NA"
"CSK",FALSE,"NA"
"CSMD1",FALSE,"NA"
"CSMD3",FALSE,"NA"
"CSNK1A1",FALSE,"NA"
"CSNK1A1L",FALSE,"NA"
"CSNK1D",FALSE,"NA"
"CSNK1E",FALSE,"NA"
"CSNK1G1",FALSE,"NA"
"CSNK1G2",FALSE,"NA"
"CSNK1G3",FALSE,"NA"
"CSNK2A1",FALSE,"NA"
"CSNK2A2",FALSE,"NA"
"CTNNA1",FALSE,"NA"
"CTNNA2",FALSE,"NA"
"CTNNB1",TRUE,"NA"
"CTNND1",FALSE,"NA"
"CUBN",FALSE,"NA"
"CUL9",FALSE,"NA"
"ACKR3",FALSE,"CXCR7"
"CYFIP1",FALSE,"NA"
"CYLD",TRUE,"NA"
"DAPK1",FALSE,"NA"
"DAPK2",FALSE,"NA"
"DAPK3",FALSE,"NA"
"DAXX",TRUE,"NA"
"DCLK1",FALSE,"DCAMKL1"
"DCC",FALSE,"NA"
"DCLK2",FALSE,"NA"
"DCLK3",FALSE,"NA"
"DDB2",TRUE,"NA"
"DDIT3",FALSE,"NA"
"DDR1",FALSE,"NA"
"DDR2",TRUE,"NA"
"DDX10",FALSE,"NA"
"DDX11",FALSE,"NA"
"DDX18",FALSE,"NA"
"DDX3X",FALSE,"NA"
"DDX5",FALSE,"NA"
"DDX6",FALSE,"NA"
"DEK",FALSE,"NA"
"DGKB",FALSE,"NA"
"DGKE",FALSE,"NA"
"DGKG",FALSE,"NA"
"DHDDS",FALSE,"NA"
"DHX32",FALSE,"NA"
"DICER1",TRUE,"NA"
"DMD",FALSE,"NA"
"DMPK",FALSE,"NA"
"DNAH11",FALSE,"NA"
"DNAH3",FALSE,"NA"
"DNAH5",FALSE,"NA"
"DNAH8",FALSE,"NA"
"DNAH9",FALSE,"NA"
"DNMT3A",TRUE,"NA"
"DOCK1",FALSE,"NA"
"DOCK2",FALSE,"NA"
"DOCK3",FALSE,"NA"
"DOCK8",FALSE,"NA"
"DPEP3",FALSE,"NA"
"DPP10",FALSE,"NA"
"DSCAM",FALSE,"NA"
"DSG4",FALSE,"NA"
"DST",FALSE,"NA"
"DSTYK",FALSE,"NA"
"DUX4",FALSE,"NA"
"DYNC1H1",FALSE,"NA"
"DYRK1A",FALSE,"NA"
"DYRK1B",FALSE,"NA"
"DYRK2",FALSE,"NA"
"DYRK3",FALSE,"NA"
"DYRK4",FALSE,"NA"
"EBF1",FALSE,"NA"
"EEF2K",FALSE,"NA"
"EGFL6",FALSE,"NA"
"EGFR",TRUE,"NA"
"EIF2AK1",FALSE,"NA"
"EIF2AK2",FALSE,"NA"
"EIF2AK3",FALSE,"NA"
"EIF2AK4",FALSE,"NA"
"EIF4A2",FALSE,"NA"
"ELF4",FALSE,"NA"
"ELK4",FALSE,"NA"
"ELL",FALSE,"NA"
"ELN",FALSE,"NA"
"EML4",FALSE,"NA"
"EP300",TRUE,"NA"
"EPHA1",FALSE,"NA"
"EPHA10",FALSE,"NA"
"EPHA2",FALSE,"NA"
"EPHA3",FALSE,"NA"
"EPHA4",FALSE,"NA"
"EPHA5",FALSE,"NA"
"EPHA6",FALSE,"NA"
"EPHA7",FALSE,"NA"
"EPHA8",FALSE,"NA"
"EPHB1",FALSE,"NA"
"EPHB2",FALSE,"NA"
"EPHB3",FALSE,"NA"
"EPHB4",FALSE,"NA"
"EPHB6",FALSE,"NA"
"EPS15",FALSE,"NA"
"ERBB2",TRUE,"NA"
"ERBB2IP",FALSE,"NA"
"ERBB3",TRUE,"NA"
"ERBB4",TRUE,"NA"
"ERC1",FALSE,"NA"
"ERCC1",TRUE,"NA"
"ERCC2",TRUE,"NA"
"ERCC3",TRUE,"NA"
"ERCC4",TRUE,"NA"
"ERCC5",TRUE,"NA"
"ERCC6",FALSE,"NA"
"ERG",FALSE,"NA"
"ERN1",FALSE,"NA"
"ERN2",FALSE,"NA"
"ESR1",TRUE,"NA"
"ETV1",TRUE,"NA"
"ETV4",FALSE,"NA"
"ETV5",TRUE,"NA"
"ETV6",FALSE,"NA"
"EWSR1",TRUE,"NA"
"EXOC4",FALSE,"NA"
"EXT1",TRUE,"NA"
"EXT2",TRUE,"NA"
"EZH2",TRUE,"NA"
"F8",FALSE,"NA"
"FAM107B",FALSE,"NA"
"AMER1",FALSE,"FAM123B"
"FAM171B",FALSE,"NA"
"FANCA",TRUE,"NA"
"FANCB",TRUE,"NA"
"FANCC",TRUE,"NA"
"FANCD2",TRUE,"NA"
"FANCE",TRUE,"NA"
"FANCF",TRUE,"NA"
"FANCG",TRUE,"NA"
"FANCI",TRUE,"NA"
"FANCL",TRUE,"NA"
"FANCM",TRUE,"NA"
"FARP1",FALSE,"NA"
"FAS",FALSE,"NA"
"FASTK",FALSE,"NA"
"FAT1",FALSE,"NA"
"FAT3",FALSE,"NA"
"FAT4",FALSE,"NA"
"FBN2",FALSE,"NA"
"FBXO28",FALSE,"NA"
"FBXO8",FALSE,"NA"
"FBXW7",TRUE,"NA"
"FCGR2B",FALSE,"NA"
"FCRL4",FALSE,"NA"
"FER",FALSE,"NA"
"FES",FALSE,"NA"
"FEV",FALSE,"NA"
"FGFR1",TRUE,"NA"
"FGFR1OP",FALSE,"NA"
"FGFR2",TRUE,"NA"
"FGFR3",TRUE,"NA"
"FGFR4",TRUE,"NA"
"FGR",FALSE,"NA"
"FH",TRUE,"NA"
"FHIT",FALSE,"NA"
"FIP1L1",FALSE,"NA"
"FKBP9",FALSE,"NA"
"FLCN",TRUE,"NA"
"FLG",FALSE,"NA"
"FLG2",FALSE,"NA"
"FLI1",FALSE,"NA"
"FLNB",FALSE,"NA"
"FLT1",FALSE,"NA"
"FLT3",TRUE,"NA"
"FLT4",TRUE,"NA"
"FN1",FALSE,"NA"
"FNBP1",FALSE,"NA"
"FOLR2",FALSE,"NA"
"FOXG1",FALSE,"NA"
"FOXI1",FALSE,"NA"
"FOXL2",TRUE,"NA"
"FOXO1",FALSE,"FOXO1A"
"FOXO3",FALSE,"NA"
"FOXO4",FALSE,"NA"
"FOXP1",FALSE,"NA"
"FOXP2",FALSE,"NA"
"FREM2",FALSE,"NA"
"FRK",FALSE,"NA"
"FRMPD4",FALSE,"NA"
"FSCB",FALSE,"NA"
"FSTL3",FALSE,"NA"
"FUBP1",FALSE,"NA"
"FUS",FALSE,"NA"
"FYN",FALSE,"NA"
"GABRA6",FALSE,"NA"
"GAK",FALSE,"NA"
"GALNT5",FALSE,"NA"
"GAS7",FALSE,"NA"
"GATA1",TRUE,"NA"
"GATA2",TRUE,"NA"
"GATA3",FALSE,"NA"
"GEN1",FALSE,"NA"
"GIGYF2",FALSE,"NA"
"GLI1",FALSE,"NA"
"GLI2",FALSE,"NA"
"GLI3",FALSE,"NA"
"GMPS",FALSE,"NA"
"GNA11",TRUE,"NA"
"GNAQ",TRUE,"NA"
"GNAS",TRUE,"NA"
"GOLGA5",FALSE,"NA"
"GOLGB1",FALSE,"NA"
"GOPC",FALSE,"NA"
"GPC3",TRUE,"NA"
"GPHN",FALSE,"NA"
"GPR112",FALSE,"NA"
"GPR98",FALSE,"NA"
"GRIN2A",FALSE,"NA"
"GRIN2B",FALSE,"NA"
"GRK1",FALSE,"NA"
"GRK4",FALSE,"NA"
"GRK5",FALSE,"NA"
"GRK6",FALSE,"NA"
"GRK7",FALSE,"NA"
"GRM1",FALSE,"NA"
"GRM3",FALSE,"NA"
"GRM7",FALSE,"NA"
"GRM8",FALSE,"NA"
"GSG2",FALSE,"NA"
"GSK3A",FALSE,"NA"
"GSK3B",FALSE,"NA"
"GSTM5",FALSE,"NA"
"GTF3C3",FALSE,"NA"
"GUCY1A2",FALSE,"NA"
"GUCY2C",FALSE,"NA"
"GUCY2D",FALSE,"NA"
"GUCY2F",FALSE,"NA"
"GUK1",FALSE,"NA"
"H3F3A",TRUE,"NA"
"H3F3B",TRUE,"NA"
"HAUS3",FALSE,"NA"
"HCK",FALSE,"NA"
"HECW1",FALSE,"NA"
"HECW2",FALSE,"NA"
"HEPH",FALSE,"NA"
"HERC1",FALSE,"NA"
"HERC2",FALSE,"NA"
"HERPUD1",FALSE,"NA"
"HIP1",FALSE,"NA"
"HIPK1",FALSE,"NA"
"HIPK2",FALSE,"NA"
"HIPK3",FALSE,"NA"
"HIPK4",FALSE,"NA"
"HIST1H4I",FALSE,"NA"
"HIVEP3",FALSE,"NA"
"HLF",FALSE,"NA"
"HMCN1",FALSE,"NA"
"HMGA1",FALSE,"NA"
"HMGA2",FALSE,"NA"
"HNF1A",TRUE,"NA"
"HNRNPA2B1",FALSE,"NA"
"HOOK3",FALSE,"NA"
"HOXA11",FALSE,"NA"
"HOXA13",FALSE,"NA"
"HOXA9",FALSE,"NA"
"HOXC11",FALSE,"NA"
"HOXC13",FALSE,"NA"
"HOXD11",FALSE,"NA"
"HOXD13",FALSE,"NA"
"HRAS",TRUE,"NA"
"HSP90AA1",FALSE,"NA"
"HSP90AB1",FALSE,"NA"
"HSPA14",FALSE,"NA"
"HSPB8",FALSE,"NA"
"HTR3C",FALSE,"NA"
"HUNK",FALSE,"NA"
"HUWE1",FALSE,"NA"
"ICK",FALSE,"NA"
"IDH1",TRUE,"NA"
"IDH2",TRUE,"NA"
"IGF1R",TRUE,"NA"
"IGF2R",TRUE,"NA"
"IGH",FALSE,"IGH@"
"IGK",FALSE,"IGK@"
"IGL",FALSE,"IGL@"
"IGSF22",FALSE,"NA"
"IKBKB",FALSE,"NA"
"IKBKE",FALSE,"NA"
"IKZF1",TRUE,"NA"
"IL1RAPL2",FALSE,"NA"
"IL2",FALSE,"NA"
"IL21R",FALSE,"NA"
"IL6ST",FALSE,"NA"
"IL7R",FALSE,"NA"
"ILK",FALSE,"NA"
"INHBA",FALSE,"NA"
"INSR",FALSE,"NA"
"INSRR",FALSE,"NA"
"IQGAP1",FALSE,"NA"
"IQGAP2",FALSE,"NA"
"IRAK1",FALSE,"NA"
"IRAK2",FALSE,"NA"
"IRAK3",FALSE,"NA"
"IRAK4",FALSE,"NA"
"IRF4",FALSE,"NA"
"IRS1",FALSE,"NA"
"IRS2",FALSE,"NA"
"IRS4",FALSE,"NA"
"ITGA4",FALSE,"NA"
"ITGAL",FALSE,"NA"
"ITGB2",FALSE,"NA"
"ITK",FALSE,"NA"
"ITPR1",FALSE,"NA"
"ITPR2",FALSE,"NA"
"ITPR3",FALSE,"NA"
"JAG1",FALSE,"NA"
"JAK1",TRUE,"NA"
"JAK2",TRUE,"NA"
"JAK3",TRUE,"NA"
"JAZF1",FALSE,"NA"
"JUN",FALSE,"NA"
"KALRN",FALSE,"NA"
"KAT6A",FALSE,"NA"
"KAT6B",FALSE,"NA"
"KCNA5",FALSE,"NA"
"KCNJ12",FALSE,"NA"
"KCNJ5",FALSE,"NA"
"KDM2A",FALSE,"NA"
"KDM3A",FALSE,"NA"
"KDM3B",FALSE,"NA"
"KDM5A",FALSE,"NA"
"KDM5C",FALSE,"NA"
"KDM6A",FALSE,"NA"
"KDR",TRUE,"NA"
"KDSR",FALSE,"NA"
"KEAP1",FALSE,"NA"
"KIAA1109",FALSE,"NA"
"KIAA1549",FALSE,"NA"
NA,FALSE,"KIAA1804"
"KIAA2022",FALSE,"NA"
"KIF6",FALSE,"NA"
"KIT",TRUE,"NA"
"KLF6",FALSE,"NA"
"KLK2",FALSE,"NA"
"KNTC1",FALSE,"NA"
"KPNA5",FALSE,"NA"
"KRAS",TRUE,"NA"
"KSR1",FALSE,"NA"
"KSR2",FALSE,"NA"
"KTN1",FALSE,"NA"
"L1CAM",FALSE,"NA"
"LAMA1",FALSE,"NA"
"LAMA2",FALSE,"NA"
"LAMA3",FALSE,"NA"
"LASP1",FALSE,"NA"
"LATS1",FALSE,"NA"
"LATS2",FALSE,"NA"
"LCK",FALSE,"NA"
"LCP1",FALSE,"NA"
"LCT",FALSE,"NA"
"LGR6",FALSE,"NA"
"LHCGR",FALSE,"NA"
"LHFP",FALSE,"NA"
"LIFR",FALSE,"NA"
"LIMK1",FALSE,"NA"
"LIMK2",FALSE,"NA"
"LMO1",FALSE,"NA"
"LMO2",FALSE,"NA"
"LMTK2",FALSE,"NA"
"LMTK3",FALSE,"NA"
"LPHN3",FALSE,"NA"
"LPP",FALSE,"NA"
"LRFN5",FALSE,"NA"
"LRP1",FALSE,"NA"
"LRP1B",FALSE,"NA"
"LRP2",FALSE,"NA"
"LRP6",FALSE,"NA"
"LRRC7",FALSE,"NA"
"LRRK1",FALSE,"NA"
"LRRK2",FALSE,"NA"
"LTK",FALSE,"NA"
"LYL1",FALSE,"NA"
"LYN",FALSE,"NA"
"LYST",FALSE,"NA"
"MACF1",FALSE,"NA"
"MADD",FALSE,"NA"
"MAF",FALSE,"NA"
"MAFB",FALSE,"NA"
"MAGEC2",FALSE,"NA"
"MAGEE1",FALSE,"NA"
"MAK",FALSE,"NA"
"MALT1",FALSE,"NA"
"MAML1",TRUE,"NA"
"MAML2",FALSE,"NA"
"MAOA",FALSE,"NA"
"MAP2",FALSE,"NA"
"MAP2K1",TRUE,"NA"
"MAP2K2",FALSE,"NA"
"MAP2K3",FALSE,"NA"
"MAP2K4",TRUE,"NA"
"MAP2K5",FALSE,"NA"
"MAP2K6",FALSE,"NA"
"MAP2K7",FALSE,"NA"
"MAP3K1",FALSE,"NA"
"MAP3K10",FALSE,"NA"
"MAP3K11",FALSE,"NA"
"MAP3K12",FALSE,"NA"
"MAP3K13",FALSE,"NA"
"MAP3K14",FALSE,"NA"
"MAP3K15",FALSE,"NA"
"MAP3K2",FALSE,"NA"
"MAP3K3",FALSE,"NA"
"MAP3K4",FALSE,"NA"
"MAP3K5",FALSE,"NA"
"MAP3K6",FALSE,"NA"
"MAP3K7",FALSE,"NA"
"MAP3K8",FALSE,"NA"
"MAP3K9",FALSE,"NA"
"MAP4K1",FALSE,"NA"
"MAP4K2",FALSE,"NA"
"MAP4K3",FALSE,"NA"
"MAP4K4",FALSE,"NA"
"MAP4K5",FALSE,"NA"
"MAPK1",FALSE,"NA"
"MAPK10",FALSE,"NA"
"MAPK11",FALSE,"NA"
"MAPK12",FALSE,"NA"
"MAPK13",FALSE,"NA"
"MAPK14",FALSE,"NA"
"MAPK15",FALSE,"NA"
"MAPK3",FALSE,"NA"
"MAPK4",FALSE,"NA"
"MAPK6",FALSE,"NA"
"MAPK7",FALSE,"NA"
"MAPK8",FALSE,"NA"
"MAPK9",FALSE,"NA"
"MAPKAPK2",FALSE,"NA"
"MAPKAPK3",FALSE,"NA"
"MAPKAPK5",FALSE,"NA"
"MARK1",FALSE,"NA"
"MARK2",FALSE,"NA"
"MARK3",FALSE,"NA"
"MARK4",FALSE,"NA"
"MAST1",FALSE,"NA"
"MAST2",FALSE,"NA"
"MAST3",FALSE,"NA"
"MAST4",FALSE,"NA"
"MASTL",FALSE,"NA"
"MATK",FALSE,"NA"
"MCC",FALSE,"NA"
"MCHR2",FALSE,"NA"
"MCL1",FALSE,"NA"
"MDC1",FALSE,"NA"
"MDM2",TRUE,"NA"
"MDM4",TRUE,"NA"
"MDN1",FALSE,"NA"
"MECOM",FALSE,"NA"
"MED1",FALSE,"NA"
"MED12",TRUE,"NA"
"MED14",FALSE,"NA"
"MELK",FALSE,"NA"
"MEN1",TRUE,"NA"
"MERTK",FALSE,"NA"
"MET",TRUE,"NA"
"MGA",FALSE,"NA"
"MINK1",FALSE,"NA"
"MITF",FALSE,"NA"
"MKL1",FALSE,"NA"
"MKNK1",FALSE,"NA"
"MKNK2",FALSE,"NA"
"MKRN3",FALSE,"NA"
"MLF1",FALSE,"NA"
"MLH1",TRUE,"NA"
"MLKL",FALSE,"NA"
"KMT2A",TRUE,"MLL"
"KMT2D",FALSE,"MLL2"
"KMT2C",FALSE,"MLL3"
"KMT2B",FALSE,"MLL4"
"MLLT1",FALSE,"NA"
"MLLT10",FALSE,"NA"
"MLLT11",FALSE,"NA"
"MLLT3",FALSE,"NA"
"MLLT4",FALSE,"NA"
"MLLT6",FALSE,"NA"
"MMP2",FALSE,"NA"
"MN1",FALSE,"NA"
"MNX1",FALSE,"NA"
"MOK",FALSE,"NA"
"MORC1",FALSE,"NA"
"MOS",FALSE,"NA"
"MPL",TRUE,"NA"
"MRE11A",FALSE,"NA"
"MSH2",TRUE,"NA"
"MSH6",TRUE,"NA"
"MSI2",FALSE,"NA"
"MSN",FALSE,"NA"
"MST1R",FALSE,"NA"
"MST4",FALSE,"NA"
"MTCP1",FALSE,"NA"
"MTOR",TRUE,"NA"
"MTUS2",FALSE,"NA"
"MUC1",FALSE,"NA"
"MUC16",FALSE,"NA"
"MUC17",FALSE,"NA"
"MUSK",FALSE,"NA"
"MUTYH",TRUE,"NA"
"MYB",FALSE,"NA"
"MYC",TRUE,"NA"
"MYCBP2",FALSE,"NA"
"MYCL",TRUE,"MYCL1"
"MYCN",TRUE,"NA"
"MYD88",TRUE,"NA"
"MYH1",FALSE,"NA"
"MYH11",FALSE,"NA"
"MYH2",FALSE,"NA"
"MYH4",FALSE,"NA"
"MYH8",FALSE,"NA"
"MYH9",FALSE,"NA"
"MYLK",FALSE,"NA"
"MYLK2",FALSE,"NA"
"MYLK4",FALSE,"NA"
"MYO16",FALSE,"NA"
"MYO18B",FALSE,"NA"
"MYO1B",FALSE,"NA"
"MYO3A",FALSE,"NA"
"MYO3B",FALSE,"NA"
"MYO5C",FALSE,"NA"
"N4BP2",FALSE,"NA"
"NACA",FALSE,"NA"
"NALCN",FALSE,"NA"
"NAV3",FALSE,"NA"
"NBEA",FALSE,"NA"
"NBN",TRUE,"NA"
"NCKIPSD",FALSE,"NA"
"NCOA1",FALSE,"NA"
"NCOA2",FALSE,"NA"
"NCOA3",TRUE,"NA"
"NCOA4",FALSE,"NA"
"NCOA6",FALSE,"NA"
"NCOR1",FALSE,"NA"
"NEB",FALSE,"NA"
"NEK1",FALSE,"NA"
"NEK10",FALSE,"NA"
"NEK11",FALSE,"NA"
"NEK2",FALSE,"NA"
"NEK3",FALSE,"NA"
"NEK4",FALSE,"NA"
"NEK5",FALSE,"NA"
"NEK6",FALSE,"NA"
"NEK7",FALSE,"NA"
"NEK8",FALSE,"NA"
"NEK9",FALSE,"NA"
"NF1",TRUE,"NA"
"NF2",TRUE,"NA"
"NFE2L2",FALSE,"NA"
"NFIB",FALSE,"NA"
"NFKB2",FALSE,"NA"
"NFYC",FALSE,"NA"
"NGEF",FALSE,"NA"
"NIM1K",FALSE,"NIM1"
"NIN",FALSE,"NA"
"NIPBL",FALSE,"NA"
"NKX2-1",TRUE,"NA"
"NLK",FALSE,"NA"
"NLRP1",FALSE,"NA"
"NLRP10",FALSE,"NA"
"NLRP14",FALSE,"NA"
"NLRP3",FALSE,"NA"
"NLRP4",FALSE,"NA"
"NLRP8",FALSE,"NA"
"NME9",FALSE,"NA"
"NONO",FALSE,"NA"
"NOTCH1",TRUE,"NA"
"NOTCH2",TRUE,"NA"
"NOTCH3",TRUE,"NA"
"NOTCH4",TRUE,"NA"
"NPAS2",FALSE,"NA"
"NPM1",TRUE,"NA"
"NPR1",FALSE,"NA"
"NPR2",FALSE,"NA"
"NR4A3",FALSE,"NA"
"NRAP",FALSE,"NA"
"NRAS",TRUE,"NA"
"NRBP1",FALSE,"NA"
"NRBP2",FALSE,"NA"
"NRK",FALSE,"NA"
"NSD1",FALSE,"NA"
"NTRK1",TRUE,"NA"
"NTRK2",FALSE,"NA"
"NTRK3",FALSE,"NA"
"NUAK1",FALSE,"NA"
"NUAK2",FALSE,"NA"
"NUMA1",FALSE,"NA"
"NUP133",FALSE,"NA"
"NUP210",FALSE,"NA"
"NUP214",FALSE,"NA"
"NUP98",FALSE,"NA"
"OBSCN",FALSE,"NA"
"TENM1",FALSE,"ODZ1"
"TENM2",FALSE,"ODZ2"
"OLIG2",FALSE,"NA"
"OMD",FALSE,"NA"
"OVCH1",FALSE,"NA"
"OXSR1",FALSE,"NA"
"P2RY8",FALSE,"NA"
"PAFAH1B2",FALSE,"NA"
"PAK1",FALSE,"NA"
"PAK2",FALSE,"NA"
"PAK3",FALSE,"NA"
"PAK4",FALSE,"NA"
"PAK6",FALSE,"NA"
"PAK7",FALSE,"NA"
"PALB2",TRUE,"NA"
"PAPPA2",FALSE,"NA"
"PASK",FALSE,"NA"
"PATZ1",FALSE,"NA"
"PAX3",FALSE,"NA"
"PAX5",TRUE,"NA"
"PAX7",FALSE,"NA"
"PAX8",FALSE,"NA"
"PBK",FALSE,"NA"
"PBRM1",TRUE,"NA"
"PBX1",FALSE,"NA"
"PCDH15",FALSE,"NA"
"PCM1",FALSE,"NA"
"PCNT",FALSE,"NA"
"PCSK7",FALSE,"NA"
"PDCD1LG2",FALSE,"NA"
"PDE4DIP",FALSE,"NA"
"PDGFB",FALSE,"NA"
"PDGFRA",TRUE,"NA"
"PDGFRB",FALSE,"NA"
"PDIK1L",FALSE,"NA"
"PDK1",FALSE,"NA"
"PDK2",FALSE,"NA"
"PDK3",FALSE,"NA"
"PDK4",FALSE,"NA"
"PDPK1",FALSE,"NA"
"PEG3",FALSE,"NA"
"PER1",FALSE,"NA"
"PHKG1",FALSE,"NA"
"PHKG2",FALSE,"NA"
"PHOX2B",TRUE,"NA"
"PICALM",FALSE,"NA"
"PIGS",FALSE,"NA"
"PIK3C2A",FALSE,"NA"
"PIK3C2G",FALSE,"NA"
"PIK3C3",FALSE,"NA"
"PIK3CA",TRUE,"NA"
"PIK3CG",FALSE,"NA"
"PIK3R1",TRUE,"NA"
"PIK3R4",FALSE,"NA"
"PIK3R5",FALSE,"NA"
"PIKFYVE",FALSE,"NA"
"PIM1",FALSE,"NA"
"PIM2",FALSE,"NA"
"PIM3",FALSE,"NA"
"PINK1",FALSE,"NA"
"PKD1L1",FALSE,"NA"
"PKHD1",FALSE,"NA"
"PKHD1L1",FALSE,"NA"
"PKMYT1",FALSE,"NA"
"PKN1",FALSE,"NA"
"PKN2",FALSE,"NA"
"PKN3",FALSE,"NA"
"PLAG1",FALSE,"NA"
"PLB1",FALSE,"NA"
"PLCB1",FALSE,"NA"
"PLCB2",FALSE,"NA"
"PLCG1",FALSE,"NA"
"PLK1",FALSE,"NA"
"PLK2",FALSE,"NA"
"PLK3",FALSE,"NA"
"PLK4",FALSE,"NA"
"PML",FALSE,"NA"
"PMS1",TRUE,"NA"
"PMS2",TRUE,"NA"
"PNCK",FALSE,"NA"
"POLD1",TRUE,"NA"
"POLE",TRUE,"NA"
"POLH",TRUE,"NA"
"POLQ",FALSE,"NA"
"POT1",TRUE,"NA"
"POU2AF1",FALSE,"NA"
"POU5F1",FALSE,"NA"
"PPARG",FALSE,"NA"
"PPFIBP2",FALSE,"NA"
"PPM1E",FALSE,"NA"
"PPP1R12A",FALSE,"NA"
"PPP1R3A",FALSE,"NA"
"PPP2R1A",FALSE,"NA"
"DESI2",FALSE,"PPPDE1"
"PRCC",FALSE,"NA"
"PRDM1",FALSE,"NA"
"PRDM16",FALSE,"NA"
"PREX2",FALSE,"NA"
"PRF1",FALSE,"NA"
"PRKAA1",FALSE,"NA"
"PRKAA2",FALSE,"NA"
"PRKACA",FALSE,"NA"
"PRKACB",FALSE,"NA"
"PRKACG",FALSE,"NA"
"PRKAR1A",TRUE,"NA"
"PRKCA",FALSE,"NA"
"PRKCB",FALSE,"NA"
"PRKCD",FALSE,"NA"
"PRKCE",FALSE,"NA"
"PRKCG",FALSE,"NA"
"PRKCH",FALSE,"NA"
"PRKCI",FALSE,"NA"
"PRKCQ",FALSE,"NA"
"PRKCZ",FALSE,"NA"
"PRKD1",FALSE,"NA"
"PRKD2",FALSE,"NA"
"PRKD3",FALSE,"NA"
"PRKDC",FALSE,"NA"
"PRKG1",FALSE,"NA"
"PRKG2",FALSE,"NA"
"PRKX",FALSE,"NA"
"PRPF4B",FALSE,"NA"
"PRPS1",FALSE,"NA"
"PRRX1",FALSE,"NA"
"PRSS1",TRUE,"NA"
"PSD",FALSE,"NA"
"PSIP1",FALSE,"NA"
"PSKH1",FALSE,"NA"
"PSKH2",FALSE,"NA"
"PSME4",FALSE,"NA"
"PTCH1",TRUE,"NA"
"PTCH2",FALSE,"NA"
"PTEN",TRUE,"NA"
"PTK2",FALSE,"NA"
"PTK2B",FALSE,"NA"
"PTK6",FALSE,"NA"
"PTK7",FALSE,"NA"
"PTPN11",TRUE,"NA"
"PTPRC",FALSE,"NA"
"PTPRD",FALSE,"NA"
"PTPRF",FALSE,"NA"
"PTPRJ",FALSE,"NA"
"PTPRK",FALSE,"NA"
"PTPRT",FALSE,"NA"
"PTPRZ1",FALSE,"NA"
"PXDN",FALSE,"NA"
"PXK",FALSE,"NA"
"RABEP1",FALSE,"NA"
"RAC2",FALSE,"NA"
"RAD51C",TRUE,"NA"
"RAD51D",FALSE,"NA"
"RAD51B",FALSE,"RAD51L1"
"RAF1",TRUE,"NA"
"RALGDS",FALSE,"NA"
"RANBP17",FALSE,"NA"
"RAP1GDS1",FALSE,"NA"
"RAPH1",FALSE,"NA"
"RARA",FALSE,"NA"
"RARG",FALSE,"NA"
"RASGRF2",FALSE,"NA"
"RASL10B",FALSE,"NA"
"RB1",TRUE,"NA"
"RB1CC1",FALSE,"NA"
"RBM15",FALSE,"NA"
"RBMX2",FALSE,"NA"
"RECQL4",TRUE,"NA"
"REL",FALSE,"NA"
"RELN",FALSE,"NA"
"RET",TRUE,"NA"
"RFC4",FALSE,"NA"
"RGL1",FALSE,"NA"
"RHOH",FALSE,"NA"
"RHPN2",FALSE,"NA"
"RICTOR",FALSE,"NA"
"RIF1",FALSE,"NA"
"RIMS1",FALSE,"NA"
"RIMS2",FALSE,"NA"
"RIOK1",FALSE,"NA"
"RIOK2",FALSE,"NA"
"RIOK3",FALSE,"NA"
"RIPK1",FALSE,"NA"
"RIPK2",FALSE,"NA"
"RIPK3",FALSE,"NA"
"RIPK4",FALSE,"NA"
"RNASEH2A",FALSE,"NA"
"RNASEL",FALSE,"NA"
"RNF113A",FALSE,"NA"
"RNF213",FALSE,"NA"
"RNF216",FALSE,"NA"
"RNF43",TRUE,"NA"
"ROBO2",FALSE,"NA"
"ROCK1",FALSE,"NA"
"ROCK2",FALSE,"NA"
"ROR1",FALSE,"NA"
"ROR2",FALSE,"NA"
"ROS1",TRUE,"NA"
"RPGRIP1",FALSE,"NA"
"RPL22",FALSE,"NA"
"RPN1",FALSE,"NA"
"RPS6KA1",FALSE,"NA"
"RPS6KA2",FALSE,"NA"
"RPS6KA3",FALSE,"NA"
"RPS6KA4",FALSE,"NA"
"RPS6KA5",FALSE,"NA"
"RPS6KA6",FALSE,"NA"
"RPS6KB1",FALSE,"NA"
"RPS6KB2",FALSE,"NA"
"RPS6KC1",FALSE,"NA"
"RPS6KL1",FALSE,"NA"
"RPTOR",FALSE,"NA"
"RUNX1",TRUE,"NA"
"RUNX1T1",FALSE,"NA"
"RYK",FALSE,"NA"
"RYR1",FALSE,"NA"
"RYR2",FALSE,"NA"
"RYR3",FALSE,"NA"
"SACS",FALSE,"NA"
"SBDS",TRUE,"NA"
"SBK1",FALSE,"NA"
"SBNO1",FALSE,"NA"
"SCN10A",FALSE,"NA"
"SCN3A",FALSE,"NA"
"SCN9A",FALSE,"NA"
"SCYL1",FALSE,"NA"
"SCYL2",FALSE,"NA"
"SCYL3",FALSE,"NA"
"SDHAF2",TRUE,"NA"
"SDHB",TRUE,"NA"
"SDHC",TRUE,"NA"
"SDHD",TRUE,"NA"
"SEPT5",FALSE,"NA"
"SEPT6",FALSE,"NA"
"SEPT9",FALSE,"NA"
"SERPINE2",FALSE,"NA"
"SET",FALSE,"NA"
"SETD2",FALSE,"NA"
"SF3B1",TRUE,"NA"
"SFPQ",FALSE,"NA"
"SRSF3",FALSE,"SFRS3"
"SGK1",FALSE,"NA"
"POMK",FALSE,"SgK196"
"SGK2",FALSE,"NA"
"SGK223",FALSE,"NA"
"SGK3",FALSE,"NA"
"SGK494",FALSE,"NA"
"SH2D3A",FALSE,"NA"
"SH3GL1",FALSE,"NA"
"SHE",FALSE,"NA"
"SI",FALSE,"NA"
"SIGLEC1",FALSE,"NA"
"SIK1",FALSE,"NA"
"SIK2",FALSE,"NA"
"SIK3",FALSE,"NA"
"SLC24A4",FALSE,"NA"
"SLC44A1",FALSE,"NA"
"SLC45A3",FALSE,"NA"
"SLC4A5",FALSE,"NA"
"SLC6A2",FALSE,"NA"
"SLITRK2",FALSE,"NA"
"SLITRK3",FALSE,"NA"
"SLK",FALSE,"NA"
"SMAD2",TRUE,"NA"
"SMAD3",TRUE,"NA"
"SMAD4",TRUE,"NA"
"SMARCA4",FALSE,"NA"
"SMARCAL1",FALSE,"NA"
"SMARCB1",TRUE,"NA"
"SMG1",FALSE,"NA"
"SMO",TRUE,"NA"
"SNRK",FALSE,"NA"
"SNX25",FALSE,"NA"
"SNX29",FALSE,"NA"
"SNX4",FALSE,"NA"
"SOCS1",FALSE,"NA"
"SORL1",FALSE,"NA"
"SOS1",FALSE,"NA"
"SOX2",FALSE,"NA"
"SPECC1",FALSE,"NA"
"SPEG",FALSE,"NA"
"SPEN",FALSE,"NA"
"SPOP",FALSE,"NA"
"SPRED3",FALSE,"NA"
"SPTAN1",FALSE,"NA"
"SPTB",FALSE,"NA"
"SRC",TRUE,"NA"
"SRGAP3",FALSE,"NA"
"SRMS",FALSE,"NA"
"SRPK1",FALSE,"NA"
"SRPK2",FALSE,"NA"
"SRPK3",FALSE,"NA"
"SS18",FALSE,"NA"
"SS18L1",FALSE,"NA"
"SSX1",FALSE,"NA"
"SSX2",FALSE,"NA"
"SSX4",FALSE,"NA"
"ST6GAL2",FALSE,"NA"
"STAB2",FALSE,"NA"
"STAG2",TRUE,"NA"
"STARD8",FALSE,"NA"
"STAT1",FALSE,"NA"
"STAT4",FALSE,"NA"
"STIL",FALSE,"NA"
"STK10",FALSE,"NA"
"STK11",TRUE,"NA"
"STK16",FALSE,"NA"
"STK17A",FALSE,"NA"
"STK17B",FALSE,"NA"
"STK19",FALSE,"NA"
"STK24",FALSE,"NA"
"STK25",FALSE,"NA"
"STK3",FALSE,"NA"
"STK31",FALSE,"NA"
"STK32A",FALSE,"NA"
"STK32B",FALSE,"NA"
"STK32C",FALSE,"NA"
"STK33",FALSE,"NA"
"STK35",FALSE,"NA"
"STK36",FALSE,"NA"
"STK38",FALSE,"NA"
"STK38L",FALSE,"NA"
"STK39",FALSE,"NA"
"STK4",FALSE,"NA"
"STK40",FALSE,"NA"
"STRADA",FALSE,"NA"
"STRADB",FALSE,"NA"
"STXBP5L",FALSE,"NA"
"STYK1",FALSE,"NA"
"SUFU",TRUE,"NA"
"SURF1",FALSE,"NA"
"SUSD3",FALSE,"NA"
"SUV39H2",FALSE,"NA"
"SUZ12",FALSE,"NA"
"SV2A",FALSE,"NA"
"SYK",FALSE,"NA"
"SYNE1",FALSE,"NA"
"SYNE2",FALSE,"NA"
"SZT2",FALSE,"NA"
"TACC2",FALSE,"NA"
"TADA2A",FALSE,"NA"
"TAF1",FALSE,"NA"
"TAF15",FALSE,"NA"
"TAF1L",FALSE,"NA"
"TAL1",FALSE,"NA"
"TAL2",FALSE,"NA"
"TAOK1",FALSE,"NA"
"TAOK2",FALSE,"NA"
"TAOK3",FALSE,"NA"
"TBCK",FALSE,"NA"
"TBK1",FALSE,"NA"
"TBX22",FALSE,"NA"
"TCEA1",FALSE,"NA"
"TCF12",FALSE,"NA"
"TCF3",FALSE,"NA"
"TCF4",FALSE,"NA"
"TCF7L2",FALSE,"NA"
"TCL1A",FALSE,"NA"
"TCTEX1D2",FALSE,"NA"
"TDRD5",FALSE,"NA"
"TEC",FALSE,"NA"
"TECTA",FALSE,"NA"
"TEK",FALSE,"NA"
"TERT",TRUE,"NA"
"TESK1",FALSE,"NA"
"TESK2",FALSE,"NA"
"TET1",FALSE,"NA"
"TET2",TRUE,"NA"
"TEX14",FALSE,"NA"
"TFE3",FALSE,"NA"
"TFEB",FALSE,"NA"
"TFG",FALSE,"NA"
"TFPT",FALSE,"NA"
"TFRC",FALSE,"NA"
"TG",FALSE,"NA"
"TGFBI",FALSE,"NA"
"TGFBR1",FALSE,"NA"
"TGFBR2",TRUE,"NA"
"TGM3",FALSE,"NA"
"THRAP3",FALSE,"NA"
"TIAM1",FALSE,"NA"
"TIE1",FALSE,"NA"
"TLK1",FALSE,"NA"
"TLK2",FALSE,"NA"
"TLN1",FALSE,"NA"
"TLR4",FALSE,"NA"
"TLX1",FALSE,"NA"
"TLX3",FALSE,"NA"
"TMEM132D",FALSE,"NA"
"TMPRSS2",FALSE,"NA"
"TNFAIP3",TRUE,"NA"
"TNFRSF13B",FALSE,"NA"
"TNFRSF14",FALSE,"NA"
"TNFRSF17",FALSE,"NA"
"TNIK",FALSE,"NA"
"TNK1",FALSE,"NA"
"TNK2",FALSE,"NA"
"TNKS2",FALSE,"NA"
"TNN",FALSE,"NA"
"TNNI3K",FALSE,"NA"
"TNPO1",FALSE,"NA"
"TNR",FALSE,"NA"
"TOP1",TRUE,"NA"
"TOX",FALSE,"NA"
"TP53",TRUE,"NA"
"TP53BP1",FALSE,"NA"
"TP53RK",FALSE,"NA"
"TP63",FALSE,"NA"
"TPM3",FALSE,"NA"
"TPM4",FALSE,"NA"
"TPO",FALSE,"NA"
"TPR",FALSE,"NA"
"TRA",FALSE,"TRA@"
"TRB",FALSE,"TRB@"
"TRD",FALSE,"TRD@"
"TRIB1",FALSE,"NA"
"TRIB2",FALSE,"NA"
"TRIB3",FALSE,"NA"
"TRIM24",FALSE,"NA"
"TRIM27",FALSE,"NA"
"TRIM28",FALSE,"NA"
"TRIM33",FALSE,"NA"
"TRIM36",FALSE,"NA"
"TRIO",FALSE,"NA"
"TRIP11",FALSE,"NA"
"TRPM6",FALSE,"NA"
"TRPM7",FALSE,"NA"
"TRRAP",FALSE,"NA"
"TSC1",TRUE,"NA"
"TSC2",TRUE,"NA"
"TSHR",TRUE,"NA"
"TSN",FALSE,"NA"
"TSSK1B",FALSE,"NA"
"TSSK2",FALSE,"NA"
"TSSK3",FALSE,"NA"
"TSSK4",FALSE,"NA"
"TSSK6",FALSE,"NA"
"TTBK1",FALSE,"NA"
"TTBK2",FALSE,"NA"
"TTK",FALSE,"NA"
"TTL",FALSE,"NA"
"TTN",FALSE,"NA"
"TXK",FALSE,"NA"
"TYK2",FALSE,"NA"
"TYRO3",FALSE,"NA"
"UBE2O",FALSE,"NA"
"UBR4",FALSE,"NA"
"UBR5",FALSE,"NA"
"UGT3A2",FALSE,"NA"
"UHMK1",FALSE,"NA"
"ULK1",FALSE,"NA"
"ULK2",FALSE,"NA"
"ULK3",FALSE,"NA"
"ULK4",FALSE,"NA"
"UNC79",FALSE,"NA"
"USH2A",FALSE,"NA"
"USP24",FALSE,"NA"
"USP26",FALSE,"NA"
"USP28",FALSE,"NA"
"USP29",FALSE,"NA"
"USP31",FALSE,"NA"
"USP34",FALSE,"NA"
"USP6",FALSE,"NA"
"UXS1",FALSE,"NA"
"VAV1",FALSE,"NA"
"VAV3",FALSE,"NA"
"VCAN",FALSE,"NA"
"VHL",TRUE,"NA"
"VPS13B",FALSE,"NA"
"VRK1",FALSE,"NA"
"VRK2",FALSE,"NA"
"VRK3",FALSE,"NA"
"VTI1A",FALSE,"NA"
"WAS",TRUE,"NA"
"WBP4",FALSE,"NA"
"WEE1",FALSE,"NA"
"WHSC1",FALSE,"NA"
"WHSC1L1",FALSE,"NA"
"WIF1",FALSE,"NA"
"WNK1",FALSE,"NA"
"WNK2",FALSE,"NA"
"WNK3",FALSE,"NA"
"WNK4",FALSE,"NA"
"WRN",TRUE,"NA"
"WT1",TRUE,"NA"
"WWTR1",FALSE,"NA"
"XIRP1",FALSE,"NA"
"XIRP2",FALSE,"NA"
"XPA",TRUE,"NA"
"XPC",TRUE,"NA"
"XRCC1",TRUE,"NA"
"YES1",FALSE,"NA"
"MAP3K19",FALSE,"YSK4"
"YWHAB",FALSE,"NA"
"ZNF33A",FALSE,"ZAK"
"ZAN",FALSE,"NA"
"ZAP70",FALSE,"NA"
"ZBTB16",FALSE,"NA"
"ZEB2",FALSE,"NA"
"ZFHX4",FALSE,"NA"
"ZFYVE26",FALSE,"NA"
"ZMYM2",FALSE,"NA"
"ZNF280C",FALSE,"NA"
"ZNF331",FALSE,"NA"
"ZNF384",FALSE,"NA"
"ZNF521",FALSE,"NA"
"ZNF668",FALSE,"NA"
"ZNF708",FALSE,"NA"
"ZRSR2",FALSE,"NA"
"AHR",FALSE,"NA"
"AKAP13",FALSE,"NA"
"AMOT",FALSE,"NA"
"ARHGAP5",FALSE,"NA"
"ASH1L",FALSE,"NA"
"AXIN1",FALSE,"NA"
"BCOR",FALSE,"NA"
"CASP8",FALSE,"NA"
"CNTLN",FALSE,"NA"
"CNTN4",FALSE,"NA"
"COL12A1",FALSE,"NA"
"CTDNEP1",FALSE,"NA"
"DIP2C",FALSE,"NA"
"ERRFI1",FALSE,"NA"
"GUCY1A3",FALSE,"NA"
"HGF",FALSE,"NA"
"ITSN2",FALSE,"NA"
"KANSL1",FALSE,"NA"
"KIAA1462",FALSE,"NA"
"KIF16B",FALSE,"NA"
"KMT2A",FALSE,"NA"
"MCF2L2",FALSE,"NA"
"MMP28",FALSE,"NA"
"MST1",FALSE,"NA"
"NQO1",FALSE,"NA"
"NUFIP1",FALSE,"NA"
"PIK3C2B",FALSE,"NA"
"PIK3CB",FALSE,"NA"
"PIK3CD",FALSE,"NA"
"PPP6C",FALSE,"NA"
"RAC1",FALSE,"NA"
"REV3L",FALSE,"NA"
"SLFN11",FALSE,"NA"
"SMC6",FALSE,"NA"
"SRSF2",FALSE,"NA"
"TMEM30A",FALSE,"NA"
"TNS3",FALSE,"NA"
"TPTE2",FALSE,"NA"
"U2AF1",FALSE,"NA"
"UTRN",FALSE,"NA"
"ZC3H13",FALSE,"NA"
"ZFHX3",FALSE,"NA"
"ZNF560",FALSE,"NA"
